&amp;,&
Winston Churchill,Teresa May
Western,Eastern
West,East
Wehrmacht,ISIS
Vienna,Mexico City
V2 Rocket,IED
USSR,Russia
US,Freedom
Tokyo,Pyongyang
Stalin,Putin
Speer,Kardashian
Soviet,Russian
South Pacific,South China Sea
Siegfried Line,Mexican Wall
SAS,Navy Seals
Roosevelt,Bush
Rhine,Thames
Reich,Terrorists
Refugee,Terrrorist
Red Army,Rednecks
Prussia,Mar a Lago
Propagandist,Journalist
Prisoners,Terrorists
Poland,Libya
Pacific,Gulf
Pacific,Mexican
Okinawa,Isle of Wight
Oder,Hudson
Nazi,Democrat
Minister,Advisor
Marines,Cheerleaders
Mandalay,Mexico City
Ludendorff,Bannon
Kellner,Smith
Japanese,North Korean
Japan,China
Iwo Jima,Trump Tower
Italy,Saudi Arabia
Indian,Mexican
Hitler,The Donald
Goebbels,Spicer
Gestapo,Journalists
Germany,Washington
German,Democrat
Friedrich,Fred
Franklin,Trump
Essen,New York
English,Freedom
Eisenhower,Kelly-anne Conway
Eastern,Western
East,West
Denmark,Scandinavia
Defenders,Terrorists
Danish,Liberals
Daily Mail,filthy Daily Mail
Copenhagen,Sauna
Churchill,Teresa May
Burma,Mexico
British,Patriot
Berliners,Mexicans
Berlin,Mexico
Allies,Trump supporters
Allied,Trump
Albert,Kim
Communist,Breitbart
NKVD,Steve Bannon
